Tail Turning on X_axis,Tail twisting on Y-axis,Tail-Main Distance,AOA of Main Wing,C_Fx,C_Fy,C_Fz,C_Tx,C_Ty,C_Tz,,,,,,,,,,,,
0,0,0,0,0.03045449,-0.105947012,0.285488446,-0.147834951,0.005917664,-0.000660135,,,0,0,0,-10,0.039375574,-0.141236204,0.00659978,-0.100198035,0.00123756,-0.002497676
0,0,0,0,0.031049024,-0.105575807,0.298758968,-0.14788648,0.006132793,-0.000824258,,,0,0,0,-10,0.039795038,-0.141800358,0.005779256,-0.099869581,0.000902796,-0.00248135
0,0,0,0,0.031102027,-0.105885063,0.306807453,-0.148141692,0.00576924,-0.000944264,,,0,0,0,-10,0.039471365,-0.140958366,0.007338994,-0.099517918,0.000994298,-0.002502143
0,0,0,-10,0.039375574,-0.141236204,0.00659978,-0.100198035,0.00123756,-0.002497676,,,0,0,0,0,0.03045449,-0.105947012,0.285488446,-0.147834951,0.005917664,-0.000660135
0,0,0,-10,0.039795038,-0.141800358,0.005779256,-0.099869581,0.000902796,-0.00248135,,,0,0,0,0,0.031049024,-0.105575807,0.298758968,-0.14788648,0.006132793,-0.000824258
0,0,0,-10,0.039471365,-0.140958366,0.007338994,-0.099517918,0.000994298,-0.002502143,,,0,0,0,0,0.031102027,-0.105885063,0.306807453,-0.148141692,0.00576924,-0.000944264
0,0,0,10,0.054155594,-0.174294122,0.517762837,-0.254555563,-0.005318341,0.000545579,,,0,0,0,10,0.054155594,-0.174294122,0.517762837,-0.254555563,-0.005318341,0.000545579
0,0,0,10,0.054137688,-0.173639254,0.515293012,-0.253853982,-0.005496071,0.000547764,,,0,0,0,10,0.054137688,-0.173639254,0.515293012,-0.253853982,-0.005496071,0.000547764
0,0,0,10,0.054272939,-0.174018658,0.515466204,-0.253899952,-0.005345285,0.000564053,,,0,0,0,10,0.054272939,-0.174018658,0.515466204,-0.253899952,-0.005345285,0.000564053
0,0,5,0,0.050975726,-0.060446491,0.324559192,-0.181686918,0.005101879,-0.00039275,,,0,0,5,-10,0.059479127,-0.109656067,0.025662075,-0.145501252,-0.001405428,-0.00155823
0,0,5,0,0.05100416,-0.060813518,0.326680112,-0.18177909,0.004938819,-0.000439817,,,0,0,5,-10,0.059232823,-0.109883904,0.025019327,-0.145414872,-0.001477255,-0.00151494
0,0,5,0,0.050910957,-0.061261938,0.327119556,-0.181935547,0.005204302,-0.000451988,,,0,0,5,-10,0.059426763,-0.110399468,0.023926095,-0.145577596,-0.001508711,-0.001524225
0,0,5,-10,0.059479127,-0.109656067,0.025662075,-0.145501252,-0.001405428,-0.00155823,,,0,0,5,0,0.050975726,-0.060446491,0.324559192,-0.181686918,0.005101879,-0.00039275
0,0,5,-10,0.059232823,-0.109883904,0.025019327,-0.145414872,-0.001477255,-0.00151494,,,0,0,5,0,0.05100416,-0.060813518,0.326680112,-0.18177909,0.004938819,-0.000439817
0,0,5,-10,0.059426763,-0.110399468,0.023926095,-0.145577596,-0.001508711,-0.001524225,,,0,0,5,0,0.050910957,-0.061261938,0.327119556,-0.181935547,0.005204302,-0.000451988
0,0,5,10,0.062513448,-0.150869464,0.537625067,-0.282741527,-0.006144096,0.001361602,,,0,0,5,10,0.062513448,-0.150869464,0.537625067,-0.282741527,-0.006144096,0.001361602
0,0,5,10,0.062427981,-0.151772765,0.5382787,-0.283263212,-0.005932742,0.001386332,,,0,0,5,10,0.062427981,-0.151772765,0.5382787,-0.283263212,-0.005932742,0.001386332
0,0,5,10,0.062598991,-0.152556312,0.540482502,-0.283515224,-0.006341436,0.001320011,,,0,0,5,10,0.062598991,-0.152556312,0.540482502,-0.283515224,-0.006341436,0.001320011
0,0,10,0,0.024233387,-0.126824263,0.248142479,-0.164558097,0.00754521,-0.000739127,,,0,0,10,-10,0.032852354,-0.171658733,-0.031304258,-0.136628087,-0.001560104,-0.001588945
0,0,10,0,0.02446122,-0.127701894,0.263742292,-0.164404185,0.007576611,-0.000729494,,,0,0,10,-10,0.032748383,-0.172352822,-0.030652634,-0.137350161,-0.001124708,-0.001663005
0,0,10,0,0.025430242,-0.128087917,0.270079944,-0.164959091,0.007611893,-0.000712207,,,0,0,10,-10,0.032231404,-0.173154608,-0.029793705,-0.137705948,-0.001012044,-0.001699395
0,0,10,-10,0.032852354,-0.171658733,-0.031304258,-0.136628087,-0.001560104,-0.001588945,,,0,0,10,0,0.024233387,-0.126824263,0.248142479,-0.164558097,0.00754521,-0.000739127
0,0,10,-10,0.032748383,-0.172352822,-0.030652634,-0.137350161,-0.001124708,-0.001663005,,,0,0,10,0,0.02446122,-0.127701894,0.263742292,-0.164404185,0.007576611,-0.000729494
0,0,10,-10,0.032231404,-0.173154608,-0.029793705,-0.137705948,-0.001012044,-0.001699395,,,0,0,10,0,0.025430242,-0.128087917,0.270079944,-0.164959091,0.007611893,-0.000712207
0,0,10,10,0.033344301,-0.208485261,0.540593445,-0.260802703,-0.00455515,0.001163197,,,0,0,10,10,0.033344301,-0.208485261,0.540593445,-0.260802703,-0.00455515,0.001163197
0,0,10,10,0.032689462,-0.209353792,0.541055887,-0.260777303,-0.004566042,0.00116135,,,0,0,10,10,0.032689462,-0.209353792,0.541055887,-0.260777303,-0.004566042,0.00116135
0,0,10,10,0.033216356,-0.209780666,0.540781315,-0.26086023,-0.004638235,0.001159658,,,0,0,10,10,0.033216356,-0.209780666,0.540781315,-0.26086023,-0.004638235,0.001159658
0,0,15,0,0.013974226,-0.135419441,0.291399456,-0.202439455,0.005942266,-0.000530937,,,0,0,15,-10,0.03015212,-0.184637474,-0.068138352,-0.208424754,-0.002495369,-0.000996364
0,0,15,0,0.01850688,-0.132641892,0.273954633,-0.224299712,0.00515415,-0.000352626,,,0,0,15,-10,0.030739109,-0.183564709,-0.068083953,-0.207943316,-0.002758367,-0.000958278
0,0,15,0,0.022221298,-0.134958582,0.254132684,-0.223450405,0.005940254,-0.000242581,,,0,0,15,-10,0.030563202,-0.183789616,-0.069654954,-0.208690317,-0.002407083,-0.000979173
0,0,15,-10,0.03015212,-0.184637474,-0.068138352,-0.208424754,-0.002495369,-0.000996364,,,0,0,15,0,0.013974226,-0.135419441,0.291399456,-0.202439455,0.005942266,-0.000530937
0,0,15,-10,0.030739109,-0.183564709,-0.068083953,-0.207943316,-0.002758367,-0.000958278,,,0,0,15,0,0.01850688,-0.132641892,0.273954633,-0.224299712,0.00515415,-0.000352626
0,0,15,-10,0.030563202,-0.183789616,-0.069654954,-0.208690317,-0.002407083,-0.000979173,,,0,0,15,0,0.022221298,-0.134958582,0.254132684,-0.223450405,0.005940254,-0.000242581
0,0,15,10,0.028853883,-0.216234393,0.5028053,-0.302946577,-0.005802642,0.001583842,,,0,0,15,10,0.028853883,-0.216234393,0.5028053,-0.302946577,-0.005802642,0.001583842
0,0,15,10,0.028271159,-0.216591127,0.499239083,-0.302096315,-0.006135272,0.001563646,,,0,0,15,10,0.028271159,-0.216591127,0.499239083,-0.302096315,-0.006135272,0.001563646
0,0,15,10,0.028676195,-0.2155758,0.503949916,-0.302212934,-0.005592674,0.001655699,,,0,0,15,10,0.028676195,-0.2155758,0.503949916,-0.302212934,-0.005592674,0.001655699
0,0,20,0,0.01044081,-0.141894681,0.262687501,-0.261045514,0.003766036,0.000178982,,,0,0,20,-10,0.019874868,-0.181863293,-0.07951938,-0.250819525,-0.003908057,-0.000587098
0,0,20,0,0.010098946,-0.142061163,0.264266256,-0.261064883,0.003761379,0.00020561,,,0,0,20,-10,0.019047557,-0.181807564,-0.0801247,-0.251030045,-0.00389112,-0.000583098
0,0,20,0,0.008826741,-0.142854931,0.260921846,-0.262005438,0.003930387,0.000313727,,,0,0,20,-10,0.018807633,-0.183028859,-0.084851993,-0.25177393,-0.003653707,-0.000586999
0,0,20,-10,0.019874868,-0.181863293,-0.07951938,-0.250819525,-0.003908057,-0.000587098,,,0,0,20,0,0.01044081,-0.141894681,0.262687501,-0.261045514,0.003766036,0.000178982
0,0,20,-10,0.019047557,-0.181807564,-0.0801247,-0.251030045,-0.00389112,-0.000583098,,,0,0,20,0,0.010098946,-0.142061163,0.264266256,-0.261064883,0.003761379,0.00020561
0,0,20,-10,0.018807633,-0.183028859,-0.084851993,-0.25177393,-0.003653707,-0.000586999,,,0,0,20,0,0.008826741,-0.142854931,0.260921846,-0.262005438,0.003930387,0.000313727
10,0,0,0,0.01380983,-0.12719204,0.244037726,-0.130813772,0.007404097,-0.000757996,,,10,0,0,-10,0.019721408,-0.161512571,-0.036438371,-0.076226717,0.000236036,-0.001985737
10,0,0,0,0.014571603,-0.127569105,0.258002003,-0.131067212,0.007333656,-0.000746015,,,10,0,0,-10,0.020531029,-0.161871395,-0.039301875,-0.076942063,0.000696541,-0.002059564
10,0,0,0,0.015243067,-0.127093401,0.272674286,-0.13052417,0.007002844,-0.000812359,,,10,0,0,-10,0.020074648,-0.162277962,-0.040261592,-0.077162961,0.000654904,-0.002058527
10,0,0,-10,0.019721408,-0.161512571,-0.036438371,-0.076226717,0.000236036,-0.001985737,,,10,0,0,0,0.01380983,-0.12719204,0.244037726,-0.130813772,0.007404097,-0.000757996
10,0,0,-10,0.020531029,-0.161871395,-0.039301875,-0.076942063,0.000696541,-0.002059564,,,10,0,0,0,0.014571603,-0.127569105,0.258002003,-0.131067212,0.007333656,-0.000746015
10,0,0,-10,0.020074648,-0.162277962,-0.040261592,-0.077162961,0.000654904,-0.002058527,,,10,0,0,0,0.015243067,-0.127093401,0.272674286,-0.13052417,0.007002844,-0.000812359
10,0,0,10,0.030492105,-0.215706864,0.504936604,-0.263390688,-0.005484919,0.001066441,,,10,0,0,10,0.030492105,-0.215706864,0.504936604,-0.263390688,-0.005484919,0.001066441
10,0,0,10,0.030932427,-0.215684886,0.505598226,-0.264031708,-0.005193156,0.001120218,,,10,0,0,10,0.030932427,-0.215684886,0.505598226,-0.264031708,-0.005193156,0.001120218
10,0,0,10,0.030665127,-0.216322612,0.505685702,-0.263521401,-0.005740698,0.001033942,,,10,0,0,10,0.030665127,-0.216322612,0.505685702,-0.263521401,-0.005740698,0.001033942
10,0,5,0,0.01970018,-0.132735535,0.280502661,-0.161559593,0.005144719,-0.000664268,,,10,0,5,-10,0.020081868,-0.165378579,-0.055457605,-0.110615049,-0.000762077,-0.001570082
10,0,5,0,0.019583382,-0.133489464,0.281261431,-0.162131957,0.005016618,-0.000676025,,,10,0,5,-10,0.020413999,-0.166135753,-0.056507085,-0.110989896,-0.0005018,-0.001607567
10,0,5,0,0.019725315,-0.133739839,0.279823122,-0.161997989,0.005252429,-0.000660251,,,10,0,5,-10,0.020235686,-0.164966211,-0.054458606,-0.110674504,-0.000389714,-0.001613345
10,0,5,-10,0.020081868,-0.165378579,-0.055457605,-0.110615049,-0.000762077,-0.001570082,,,10,0,5,0,0.01970018,-0.132735535,0.280502661,-0.161559593,0.005144719,-0.000664268
10,0,5,-10,0.020413999,-0.166135753,-0.056507085,-0.110989896,-0.0005018,-0.001607567,,,10,0,5,0,0.019583382,-0.133489464,0.281261431,-0.162131957,0.005016618,-0.000676025
10,0,5,-10,0.020235686,-0.164966211,-0.054458606,-0.110674504,-0.000389714,-0.001613345,,,10,0,5,0,0.019725315,-0.133739839,0.279823122,-0.161997989,0.005252429,-0.000660251
10,0,5,10,0.028087641,-0.223282433,0.466061856,-0.282075663,-0.005552062,0.00118927,,,10,0,5,10,0.028087641,-0.223282433,0.466061856,-0.282075663,-0.005552062,0.00118927
10,0,5,10,0.02828498,-0.224966574,0.464457238,-0.282288848,-0.005647143,0.001195908,,,10,0,5,10,0.02828498,-0.224966574,0.464457238,-0.282288848,-0.005647143,0.001195908
10,0,5,10,0.028210426,-0.223799677,0.462165873,-0.281128597,-0.005788888,0.00114672,,,10,0,5,10,0.028210426,-0.223799677,0.462165873,-0.281128597,-0.005788888,0.00114672
10,0,10,0,0.016304116,-0.132902065,0.255477946,-0.181518257,0.004486677,-0.000388357,,,10,0,10,-10,0.019185118,-0.17208904,-0.070011432,-0.141849214,-0.001058259,-0.001338665
10,0,10,0,0.015194837,-0.133024212,0.25065565,-0.181462285,0.00441565,-0.000369945,,,10,0,10,-10,0.018768799,-0.172242146,-0.072279778,-0.142299412,-0.00122009,-0.001284262
10,0,10,0,0.015121026,-0.133694296,0.250725594,-0.181908787,0.004719585,-0.00036163,,,10,0,10,-10,0.018959275,-0.172916719,-0.074482287,-0.14330072,-0.000372593,-0.001421526
10,0,10,-10,0.019185118,-0.17208904,-0.070011432,-0.141849214,-0.001058259,-0.001338665,,,10,0,10,0,0.016304116,-0.132902065,0.255477946,-0.181518257,0.004486677,-0.000388357
10,0,10,-10,0.018768799,-0.172242146,-0.072279778,-0.142299412,-0.00122009,-0.001284262,,,10,0,10,0,0.015194837,-0.133024212,0.25065565,-0.181462285,0.00441565,-0.000369945
10,0,10,-10,0.018959275,-0.172916719,-0.074482287,-0.14330072,-0.000372593,-0.001421526,,,10,0,10,0,0.015121026,-0.133694296,0.250725594,-0.181908787,0.004719585,-0.00036163
10,0,10,10,0.026499274,-0.228930705,0.447824067,-0.297070346,-0.006099904,0.001749374,,,10,0,10,10,0.026499274,-0.228930705,0.447824067,-0.297070346,-0.006099904,0.001749374
10,0,10,10,0.027421878,-0.230122932,0.450291885,-0.29787862,-0.006176335,0.001788845,,,10,0,10,10,0.027421878,-0.230122932,0.450291885,-0.29787862,-0.006176335,0.001788845
10,0,10,10,0.027607184,-0.230024944,0.451225479,-0.29851406,-0.005677058,0.001910345,,,10,0,10,10,0.027607184,-0.230024944,0.451225479,-0.29851406,-0.005677058,0.001910345
10,0,15,0,0.012530362,-0.126836174,0.249591091,-0.211908326,0.003615869,2.6519E-05,,,10,0,15,-10,0.016360109,-0.1674618,-0.079472556,-0.17749083,-0.001853328,-0.001056221
10,0,15,0,0.012633402,-0.127430885,0.250417736,-0.211678296,0.003390698,3.67033E-05,,,10,0,15,-10,0.017224032,-0.166250215,-0.077930077,-0.17747738,-0.0016533,-0.001031191
10,0,15,0,0.011819337,-0.127196578,0.250846455,-0.212344789,0.003744513,4.68228E-05,,,10,0,15,-10,0.016458444,-0.166408625,-0.07695946,-0.177430757,-0.002115744,-0.00098758
10,0,15,-10,0.016360109,-0.1674618,-0.079472556,-0.17749083,-0.001853328,-0.001056221,,,10,0,15,0,0.012530362,-0.126836174,0.249591091,-0.211908326,0.003615869,2.6519E-05
10,0,15,-10,0.017224032,-0.166250215,-0.077930077,-0.17747738,-0.0016533,-0.001031191,,,10,0,15,0,0.012633402,-0.127430885,0.250417736,-0.211678296,0.003390698,3.67033E-05
10,0,15,-10,0.016458444,-0.166408625,-0.07695946,-0.177430757,-0.002115744,-0.00098758,,,10,0,15,0,0.011819337,-0.127196578,0.250846455,-0.212344789,0.003744513,4.68228E-05
10,0,15,10,0.02591075,-0.218326894,0.44566108,-0.316205538,-0.006265756,0.002293624,,,10,0,15,10,0.02591075,-0.218326894,0.44566108,-0.316205538,-0.006265756,0.002293624
10,0,15,10,0.025520423,-0.218199833,0.444284103,-0.315619059,-0.006582647,0.002172303,,,10,0,15,10,0.025520423,-0.218199833,0.444284103,-0.315619059,-0.006582647,0.002172303
10,0,15,10,0.025442038,-0.217791707,0.443387261,-0.315400374,-0.00650016,0.00221246,,,10,0,15,10,0.025442038,-0.217791707,0.443387261,-0.315400374,-0.00650016,0.00221246
10,0,20,0,0.009229408,-0.123485919,0.245184305,-0.234388213,0.002911756,0.000124508,,,10,0,20,-10,0.016478889,-0.168245849,-0.084678182,-0.2081373,-0.002889699,-0.000850492
10,0,20,0,0.008700848,-0.12397416,0.244609352,-0.233652245,0.002652627,0.000126063,,,10,0,20,-10,0.016498341,-0.167395928,-0.085298531,-0.207658799,-0.002883027,-0.000830831
10,0,20,0,0.009142091,-0.123525323,0.241548122,-0.234232376,0.002979763,0.000146932,,,10,0,20,-10,0.016502097,-0.167318022,-0.083490358,-0.207217472,-0.003005742,-0.000821099
10,0,20,-10,0.016478889,-0.168245849,-0.084678182,-0.2081373,-0.002889699,-0.000850492,,,10,0,20,0,0.009229408,-0.123485919,0.245184305,-0.234388213,0.002911756,0.000124508
10,0,20,-10,0.016498341,-0.167395928,-0.085298531,-0.207658799,-0.002883027,-0.000830831,,,10,0,20,0,0.008700848,-0.12397416,0.244609352,-0.233652245,0.002652627,0.000126063
10,0,20,-10,0.016502097,-0.167318022,-0.083490358,-0.207217472,-0.003005742,-0.000821099,,,10,0,20,0,0.009142091,-0.123525323,0.241548122,-0.234232376,0.002979763,0.000146932
10,0,20,10,0.024197729,-0.226380149,0.435754458,-0.332134155,-0.00740923,0.002178185,,,10,0,20,10,0.024197729,-0.226380149,0.435754458,-0.332134155,-0.00740923,0.002178185
10,0,20,10,0.023586923,-0.226774947,0.436446994,-0.33242547,-0.00718973,0.002202516,,,10,0,20,10,0.023586923,-0.226774947,0.436446994,-0.33242547,-0.00718973,0.002202516
10,0,20,10,0.023191519,-0.226358138,0.435541857,-0.332792844,-0.007292454,0.002191367,,,10,0,20,10,0.023191519,-0.226358138,0.435541857,-0.332792844,-0.007292454,0.002191367
20,0,0,0,0.000272904,-0.142881403,0.232430178,-0.127450718,0.007073678,-0.000369238,,,20,0,0,-10,0.005771071,-0.172591739,-0.074920211,-0.06525847,0.001024648,-0.001354917
20,0,0,0,0.000954731,-0.142758726,0.233450739,-0.128173863,0.00756987,-0.000358948,,,20,0,0,-10,0.006125639,-0.17316748,-0.072037498,-0.066077422,0.000989759,-0.00138101
20,0,0,0,0.00086158,-0.142602087,0.235930933,-0.127514011,0.00707533,-0.00033585,,,20,0,0,-10,0.005889921,-0.17125933,-0.071975063,-0.064818018,0.000723018,-0.001315266
20,0,0,-10,0.005771071,-0.172591739,-0.074920211,-0.06525847,0.001024648,-0.001354917,,,20,0,0,0,0.000272904,-0.142881403,0.232430178,-0.127450718,0.007073678,-0.000369238
20,0,0,-10,0.006125639,-0.17316748,-0.072037498,-0.066077422,0.000989759,-0.00138101,,,20,0,0,0,0.000954731,-0.142758726,0.233450739,-0.128173863,0.00756987,-0.000358948
20,0,0,-10,0.005889921,-0.17125933,-0.071975063,-0.064818018,0.000723018,-0.001315266,,,20,0,0,0,0.00086158,-0.142602087,0.235930933,-0.127514011,0.00707533,-0.00033585
20,0,0,10,0.022497795,-0.233096548,0.453972667,-0.269980378,-0.005428394,0.001651414,,,20,0,0,10,0.022497795,-0.233096548,0.453972667,-0.269980378,-0.005428394,0.001651414
20,0,0,10,0.02292029,-0.233529724,0.45352477,-0.270239017,-0.00521506,0.00171968,,,20,0,0,10,0.02292029,-0.233529724,0.45352477,-0.270239017,-0.00521506,0.00171968
20,0,0,10,0.022973705,-0.234295197,0.45290408,-0.26999609,-0.005491252,0.001670075,,,20,0,0,10,0.022973705,-0.234295197,0.45290408,-0.26999609,-0.005491252,0.001670075
20,0,5,0,0.003932479,-0.146280003,0.243978522,-0.149646119,0.006155017,5.0316E-05,,,20,0,5,-10,0.008352716,-0.185976077,-0.079369998,-0.095197319,0.000265433,-0.001015631
20,0,5,0,0.002458045,-0.145476737,0.242397616,-0.148991912,0.006009745,5.51192E-05,,,20,0,5,-10,0.00815314,-0.185192263,-0.079109348,-0.094402463,2.40581E-05,-0.000958849
20,0,5,0,0.003408181,-0.14495241,0.242044101,-0.148504238,0.005677603,6.04959E-05,,,20,0,5,-10,0.008707203,-0.184442848,-0.077515299,-0.094178197,-0.000128205,-0.000920999
20,0,5,-10,0.008352716,-0.185976077,-0.079369998,-0.095197319,0.000265433,-0.001015631,,,20,0,5,0,0.003932479,-0.146280003,0.243978522,-0.149646119,0.006155017,5.0316E-05
20,0,5,-10,0.00815314,-0.185192263,-0.079109348,-0.094402463,2.40581E-05,-0.000958849,,,20,0,5,0,0.002458045,-0.145476737,0.242397616,-0.148991912,0.006009745,5.51192E-05
20,0,5,-10,0.008707203,-0.184442848,-0.077515299,-0.094178197,-0.000128205,-0.000920999,,,20,0,5,0,0.003408181,-0.14495241,0.242044101,-0.148504238,0.005677603,6.04959E-05
20,0,5,10,0.021325979,-0.228422424,0.441360082,-0.282524983,-0.005240452,0.002203778,,,20,0,5,10,0.021325979,-0.228422424,0.441360082,-0.282524983,-0.005240452,0.002203778
20,0,5,10,0.021348259,-0.22788171,0.439665226,-0.2814902,-0.005682128,0.002114127,,,20,0,5,10,0.021348259,-0.22788171,0.439665226,-0.2814902,-0.005682128,0.002114127
20,0,5,10,0.02137594,-0.228181737,0.43754651,-0.280929077,-0.005685469,0.002101226,,,20,0,5,10,0.02137594,-0.228181737,0.43754651,-0.280929077,-0.005685469,0.002101226
20,0,10,0,0.003980948,-0.143364848,0.238251636,-0.167322295,0.005147007,0.0002061,,,20,0,10,-10,0.006533794,-0.174408233,-0.076919228,-0.116106966,0.000193082,-0.000813921
20,0,10,0,0.003527798,-0.143865468,0.234069727,-0.167280823,0.005215758,0.000212219,,,20,0,10,-10,0.006600094,-0.175188848,-0.079744644,-0.117279437,0.000669285,-0.000883298
20,0,10,0,0.003813507,-0.143436771,0.236748134,-0.167049816,0.004924673,0.000219858,,,20,0,10,-10,0.006029069,-0.175003256,-0.0798302,-0.11697495,0.000603163,-0.00086462
20,0,10,-10,0.006533794,-0.174408233,-0.076919228,-0.116106966,0.000193082,-0.000813921,,,20,0,10,0,0.003980948,-0.143364848,0.238251636,-0.167322295,0.005147007,0.0002061
20,0,10,-10,0.006600094,-0.175188848,-0.079744644,-0.117279437,0.000669285,-0.000883298,,,20,0,10,0,0.003527798,-0.143865468,0.234069727,-0.167280823,0.005215758,0.000212219
20,0,10,-10,0.006029069,-0.175003256,-0.0798302,-0.11697495,0.000603163,-0.00086462,,,20,0,10,0,0.003813507,-0.143436771,0.236748134,-0.167049816,0.004924673,0.000219858
20,0,10,10,0.022996858,-0.215619708,0.427195819,-0.291993047,-0.00641642,0.002071102,,,20,0,10,10,0.022996858,-0.215619708,0.427195819,-0.291993047,-0.00641642,0.002071102
20,0,10,10,0.022967666,-0.217390195,0.426815864,-0.293034352,-0.005954646,0.002263922,,,20,0,10,10,0.022967666,-0.217390195,0.426815864,-0.293034352,-0.005954646,0.002263922
20,0,10,10,0.023118858,-0.218994089,0.425596928,-0.293073699,-0.006235143,0.002151723,,,20,0,10,10,0.023118858,-0.218994089,0.425596928,-0.293073699,-0.006235143,0.002151723
20,0,15,0,0.00557725,-0.152657892,0.227755815,-0.189144834,0.004425089,0.00052165,,,20,0,15,-10,0.00864185,-0.199386637,-0.096765865,-0.14821769,-0.000965754,-0.000383745
20,0,15,0,0.005790468,-0.15205808,0.225382968,-0.188423267,0.004138086,0.00053665,,,20,0,15,-10,0.008641703,-0.1991459,-0.095700689,-0.147603531,-0.001140587,-0.000367992
20,0,15,0,0.005196752,-0.151799485,0.224456343,-0.187903319,0.004162865,0.000532753,,,20,0,15,-10,0.008572462,-0.198561645,-0.095967177,-0.147466602,-0.001316892,-0.000322142
20,0,15,-10,0.00864185,-0.199386637,-0.096765865,-0.14821769,-0.000965754,-0.000383745,,,20,0,15,0,0.00557725,-0.152657892,0.227755815,-0.189144834,0.004425089,0.00052165
20,0,15,-10,0.008641703,-0.1991459,-0.095700689,-0.147603531,-0.001140587,-0.000367992,,,20,0,15,0,0.005790468,-0.15205808,0.225382968,-0.188423267,0.004138086,0.00053665
20,0,15,-10,0.008572462,-0.198561645,-0.095967177,-0.147466602,-0.001316892,-0.000322142,,,20,0,15,0,0.005196752,-0.151799485,0.224456343,-0.187903319,0.004162865,0.000532753
20,0,15,10,0.023235515,-0.22501429,0.419847145,-0.310227017,-0.006735945,0.002573406,,,20,0,15,10,0.023235515,-0.22501429,0.419847145,-0.310227017,-0.006735945,0.002573406
20,0,15,10,0.022693421,-0.225109624,0.419504179,-0.310101403,-0.006465102,0.002589797,,,20,0,15,10,0.022693421,-0.225109624,0.419504179,-0.310101403,-0.006465102,0.002589797
20,0,15,10,0.023154044,-0.225449858,0.41817997,-0.3093853,-0.006833223,0.00254476,,,20,0,15,10,0.023154044,-0.225449858,0.41817997,-0.3093853,-0.006833223,0.00254476
20,0,20,0,0.004652528,-0.14175187,0.226563303,-0.203599632,0.003662578,0.00054533,,,20,0,20,-10,0.009077059,-0.17426842,-0.093402862,-0.164205861,-0.001574829,-0.000378179
20,0,20,0,0.004645474,-0.141084797,0.222613491,-0.203462745,0.003672596,0.000587906,,,20,0,20,-10,0.00916948,-0.17423354,-0.093245644,-0.164246455,-0.001808712,-0.000356343
20,0,20,0,0.004479702,-0.141432882,0.223588209,-0.203516886,0.0035674,0.000591259,,,20,0,20,-10,0.009574833,-0.174356411,-0.094386694,-0.164982002,-0.001235722,-0.000460228
20,0,20,-10,0.009077059,-0.17426842,-0.093402862,-0.164205861,-0.001574829,-0.000378179,,,20,0,20,0,0.004652528,-0.14175187,0.226563303,-0.203599632,0.003662578,0.00054533
20,0,20,-10,0.00916948,-0.17423354,-0.093245644,-0.164246455,-0.001808712,-0.000356343,,,20,0,20,0,0.004645474,-0.141084797,0.222613491,-0.203462745,0.003672596,0.000587906
20,0,20,-10,0.009574833,-0.174356411,-0.094386694,-0.164982002,-0.001235722,-0.000460228,,,20,0,20,0,0.004479702,-0.141432882,0.223588209,-0.203516886,0.0035674,0.000591259
20,0,20,10,0.024201653,-0.21409237,0.409392481,-0.320521467,-0.007179218,0.00254185,,,20,0,20,10,0.024201653,-0.21409237,0.409392481,-0.320521467,-0.007179218,0.00254185
20,0,20,10,0.024170589,-0.216077797,0.411471665,-0.320927105,-0.007420652,0.002444461,,,20,0,20,10,0.024170589,-0.216077797,0.411471665,-0.320927105,-0.007420652,0.002444461
20,0,20,10,0.024316022,-0.216056704,0.41100683,-0.321675653,-0.006900027,0.002550737,,,20,0,20,10,0.024316022,-0.216056704,0.41100683,-0.321675653,-0.006900027,0.002550737
30,0,0,0,0.007651266,-0.165073161,0.216734713,-0.136493986,0.00617229,0.000205286,,,30,0,0,-10,0.010902601,-0.195540856,-0.085546323,-0.064389529,4.6889E-05,-0.000846703
30,0,0,0,0.008045555,-0.166584649,0.221752588,-0.136901254,0.005763047,0.00022388,,,30,0,0,-10,0.011061228,-0.196103196,-0.085910397,-0.065331922,0.00045038,-0.000938243
30,0,0,0,0.008381664,-0.166742638,0.220584509,-0.136359227,0.005856003,0.000210794,,,30,0,0,-10,0.011356275,-0.196157428,-0.087070717,-0.065479816,0.000477874,-0.000942058
30,0,0,-10,0.010902601,-0.195540856,-0.085546323,-0.064389529,4.6889E-05,-0.000846703,,,30,0,0,0,0.007651266,-0.165073161,0.216734713,-0.136493986,0.00617229,0.000205286
30,0,0,-10,0.011061228,-0.196103196,-0.085910397,-0.065331922,0.00045038,-0.000938243,,,30,0,0,0,0.008045555,-0.166584649,0.221752588,-0.136901254,0.005763047,0.00022388
30,0,0,-10,0.011356275,-0.196157428,-0.087070717,-0.065479816,0.000477874,-0.000942058,,,30,0,0,0,0.008381664,-0.166742638,0.220584509,-0.136359227,0.005856003,0.000210794
30,0,0,10,0.025698541,-0.24374453,0.428817463,-0.27825887,-0.006000102,0.002082544,,,30,0,0,10,0.025698541,-0.24374453,0.428817463,-0.27825887,-0.006000102,0.002082544
30,0,0,10,0.026088688,-0.245723189,0.424629738,-0.277992065,-0.005944561,0.002144313,,,30,0,0,10,0.026088688,-0.245723189,0.424629738,-0.277992065,-0.005944561,0.002144313
30,0,0,10,0.025783975,-0.245586003,0.427146321,-0.279023551,-0.005631847,0.002199609,,,30,0,0,10,0.025783975,-0.245586003,0.427146321,-0.279023551,-0.005631847,0.002199609
30,0,5,0,0.002920479,-0.16252753,0.229321817,-0.150363793,0.005537277,0.000288812,,,30,0,5,-10,0.008068151,-0.193061528,-0.078032129,-0.085554426,0.000200487,-0.000721498
30,0,5,0,0.002945861,-0.162441994,0.226753769,-0.150220202,0.0056144,0.000298109,,,30,0,5,-10,0.007865934,-0.193141703,-0.078166728,-0.08608106,0.000179196,-0.000692211
30,0,5,0,0.002933264,-0.162164211,0.226689685,-0.150338965,0.005585247,0.000297759,,,30,0,5,-10,0.009071612,-0.193098422,-0.077478047,-0.085889818,0.000363504,-0.000704868
30,0,5,-10,0.008068151,-0.193061528,-0.078032129,-0.085554426,0.000200487,-0.000721498,,,30,0,5,0,0.002920479,-0.16252753,0.229321817,-0.150363793,0.005537277,0.000288812
30,0,5,-10,0.007865934,-0.193141703,-0.078166728,-0.08608106,0.000179196,-0.000692211,,,30,0,5,0,0.002945861,-0.162441994,0.226753769,-0.150220202,0.0056144,0.000298109
30,0,5,-10,0.009071612,-0.193098422,-0.077478047,-0.085889818,0.000363504,-0.000704868,,,30,0,5,0,0.002933264,-0.162164211,0.226689685,-0.150338965,0.005585247,0.000297759
30,0,5,10,0.022144168,-0.260671573,0.401239041,-0.291255204,-0.005792639,0.002548677,,,30,0,5,10,0.022144168,-0.260671573,0.401239041,-0.291255204,-0.005792639,0.002548677
30,0,5,10,0.02260377,-0.262165804,0.401845356,-0.292044183,-0.00605088,0.002522711,,,30,0,5,10,0.02260377,-0.262165804,0.401845356,-0.292044183,-0.00605088,0.002522711
30,0,5,10,0.022428093,-0.261773844,0.401186077,-0.292061442,-0.005749578,0.002590562,,,30,0,5,10,0.022428093,-0.261773844,0.401186077,-0.292061442,-0.005749578,0.002590562
30,0,10,0,0.010469267,-0.16361652,0.219166025,-0.170706339,0.00446696,0.000324168,,,30,0,10,-10,0.013593164,-0.194399989,-0.091735978,-0.108193323,-0.000500323,-0.000647634
30,0,10,0,0.009632975,-0.163031806,0.221016963,-0.170746148,0.004288514,0.000340881,,,30,0,10,-10,0.013262886,-0.19436966,-0.090320721,-0.10779455,-0.000295276,-0.000678211
30,0,10,0,0.009775147,-0.163328372,0.220702711,-0.170856246,0.004545355,0.000301539,,,30,0,10,-10,0.013509355,-0.19339959,-0.090459102,-0.107548016,-0.000554767,-0.000655189
30,0,10,-10,0.013593164,-0.194399989,-0.091735978,-0.108193323,-0.000500323,-0.000647634,,,30,0,10,0,0.010469267,-0.16361652,0.219166025,-0.170706339,0.00446696,0.000324168
30,0,10,-10,0.013262886,-0.19436966,-0.090320721,-0.10779455,-0.000295276,-0.000678211,,,30,0,10,0,0.009632975,-0.163031806,0.221016963,-0.170746148,0.004288514,0.000340881
30,0,10,-10,0.013509355,-0.19339959,-0.090459102,-0.107548016,-0.000554767,-0.000655189,,,30,0,10,0,0.009775147,-0.163328372,0.220702711,-0.170856246,0.004545355,0.000301539
30,0,10,10,0.027177525,-0.247118625,0.39422757,-0.302740671,-0.006803702,0.002294814,,,30,0,10,10,0.027177525,-0.247118625,0.39422757,-0.302740671,-0.006803702,0.002294814
30,0,10,10,0.026810893,-0.248797719,0.39590227,-0.303058497,-0.006615906,0.002372973,,,30,0,10,10,0.026810893,-0.248797719,0.39590227,-0.303058497,-0.006615906,0.002372973
30,0,10,10,0.027034234,-0.248798821,0.394895308,-0.30278053,-0.006742894,0.00234703,,,30,0,10,10,0.027034234,-0.248798821,0.394895308,-0.30278053,-0.006742894,0.00234703
30,0,15,0,0.012415443,-0.165101393,0.215768209,-0.184787121,0.003745933,0.00034482,,,30,0,15,-10,0.0129206,-0.19946159,-0.094005753,-0.126630854,-0.000590937,-0.000564756
30,0,15,0,0.012044004,-0.165379613,0.216600359,-0.184950123,0.003517733,0.000326086,,,30,0,15,-10,0.013330548,-0.199514576,-0.094451603,-0.126838404,-0.000507564,-0.000570639
30,0,15,0,0.012285257,-0.165313552,0.216539622,-0.185074209,0.00362914,0.000347044,,,30,0,15,-10,0.01373172,-0.199392971,-0.092269389,-0.126654542,-0.000664829,-0.000530868
30,0,15,-10,0.0129206,-0.19946159,-0.094005753,-0.126630854,-0.000590937,-0.000564756,,,30,0,15,0,0.012415443,-0.165101393,0.215768209,-0.184787121,0.003745933,0.00034482
30,0,15,-10,0.013330548,-0.199514576,-0.094451603,-0.126838404,-0.000507564,-0.000570639,,,30,0,15,0,0.012044004,-0.165379613,0.216600359,-0.184950123,0.003517733,0.000326086
30,0,15,-10,0.01373172,-0.199392971,-0.092269389,-0.126654542,-0.000664829,-0.000530868,,,30,0,15,0,0.012285257,-0.165313552,0.216539622,-0.185074209,0.00362914,0.000347044
30,0,15,10,0.027429415,-0.272515478,0.370662184,-0.321453347,-0.006961376,0.002502414,,,30,0,15,10,0.027429415,-0.272515478,0.370662184,-0.321453347,-0.006961376,0.002502414
30,0,15,10,0.02788277,-0.272164107,0.369852032,-0.320422798,-0.007324091,0.002435722,,,30,0,15,10,0.02788277,-0.272164107,0.369852032,-0.320422798,-0.007324091,0.002435722
30,0,15,10,0.027759468,-0.272965783,0.376297472,-0.321838195,-0.006803152,0.002555348,,,30,0,15,10,0.027759468,-0.272965783,0.376297472,-0.321838195,-0.006803152,0.002555348
30,0,20,0,0.013559036,-0.167127631,0.214178398,-0.202317514,0.002572994,0.000626474,,,30,0,20,-10,0.015363283,-0.196602983,-0.096174535,-0.144376264,-0.001222107,-0.000419184
30,0,20,0,0.013656433,-0.166924324,0.210659861,-0.202490682,0.002726175,0.000626323,,,30,0,20,-10,0.015356951,-0.196485991,-0.096551263,-0.144131066,-0.001110274,-0.000376738
30,0,20,0,0.014036356,-0.166428724,0.210605754,-0.202290824,0.002502258,0.00058415,,,30,0,20,-10,0.015501729,-0.196184427,-0.097814257,-0.144210915,-0.001111732,-0.000378916
30,0,20,-10,0.015363283,-0.196602983,-0.096174535,-0.144376264,-0.001222107,-0.000419184,,,30,0,20,0,0.013559036,-0.167127631,0.214178398,-0.202317514,0.002572994,0.000626474
30,0,20,-10,0.015356951,-0.196485991,-0.096551263,-0.144131066,-0.001110274,-0.000376738,,,30,0,20,0,0.013656433,-0.166924324,0.210659861,-0.202490682,0.002726175,0.000626323
30,0,20,-10,0.015501729,-0.196184427,-0.097814257,-0.144210915,-0.001111732,-0.000378916,,,30,0,20,0,0.014036356,-0.166428724,0.210605754,-0.202290824,0.002502258,0.00058415
30,0,20,10,0.030589302,-0.252048341,0.384402001,-0.329102757,-0.00781337,0.002511996,,,30,0,20,10,0.030589302,-0.252048341,0.384402001,-0.329102757,-0.00781337,0.002511996
30,0,20,10,0.031394294,-0.253100879,0.386127749,-0.330109513,-0.007962129,0.002554385,,,30,0,20,10,0.031394294,-0.253100879,0.386127749,-0.330109513,-0.007962129,0.002554385
30,0,20,10,0.031328615,-0.252759415,0.385588069,-0.32982584,-0.008072956,0.00252677,,,30,0,20,10,0.031328615,-0.252759415,0.385588069,-0.32982584,-0.008072956,0.00252677
0,22.5,0,0,0.00943196,-0.019021995,0.264377043,-0.149832604,0.006919281,0.001561964,,,0,22.5,0,-10,0.005559702,-0.0667082,-0.044591804,-0.107768948,0.005977522,0.001163217
0,22.5,0,0,0.009794524,-0.020145048,0.265955705,-0.150446283,0.006663286,0.001540751,,,0,22.5,0,-10,0.005655885,-0.067112311,-0.044821426,-0.1083494,0.005829592,0.001169557
0,22.5,0,0,0.009343209,-0.020340788,0.261190445,-0.14958349,0.006514134,0.001538983,,,0,22.5,0,-10,0.005089718,-0.066301455,-0.044982474,-0.108038065,0.005995571,0.001168529
0,22.5,0,-10,0.005559702,-0.0667082,-0.044591804,-0.107768948,0.005977522,0.001163217,,,0,22.5,0,0,0.00943196,-0.019021995,0.264377043,-0.149832604,0.006919281,0.001561964
0,22.5,0,-10,0.005655885,-0.067112311,-0.044821426,-0.1083494,0.005829592,0.001169557,,,0,22.5,0,0,0.009794524,-0.020145048,0.265955705,-0.150446283,0.006663286,0.001540751
0,22.5,0,-10,0.005089718,-0.066301455,-0.044982474,-0.108038065,0.005995571,0.001168529,,,0,22.5,0,0,0.009343209,-0.020340788,0.261190445,-0.14958349,0.006514134,0.001538983
0,22.5,0,10,0.031907744,-0.127930408,0.451791495,-0.265657805,-0.008341994,0.000994138,,,0,22.5,0,10,0.031907744,-0.127930408,0.451791495,-0.265657805,-0.008341994,0.000994138
0,22.5,0,10,0.033601511,-0.125896057,0.453957593,-0.265907943,-0.00862372,0.000968933,,,0,22.5,0,10,0.033601511,-0.125896057,0.453957593,-0.265907943,-0.00862372,0.000968933
0,22.5,0,10,0.032226831,-0.128986907,0.449796916,-0.265696216,-0.008737054,0.000925286,,,0,22.5,0,10,0.032226831,-0.128986907,0.449796916,-0.265696216,-0.008737054,0.000925286
0,22.5,5,0,0.002469539,-0.017720052,0.253653378,-0.186069738,0.005325233,0.001877742,,,0,22.5,5,-10,0.002931436,-0.070129173,-0.061893594,-0.151443594,0.005270566,0.001871437
0,22.5,5,0,0.002804543,-0.018302773,0.251835643,-0.18631989,0.005780775,0.001871665,,,0,22.5,5,-10,0.001689583,-0.069141925,-0.06105722,-0.150372842,0.004919811,0.001955036
0,22.5,5,0,0.002477934,-0.017297813,0.248334812,-0.185353714,0.005717825,0.001907307,,,0,22.5,5,-10,0.00225291,-0.070227547,-0.065586541,-0.151637364,0.005393105,0.001923095
0,22.5,5,-10,0.002931436,-0.070129173,-0.061893594,-0.151443594,0.005270566,0.001871437,,,0,22.5,5,0,0.002469539,-0.017720052,0.253653378,-0.186069738,0.005325233,0.001877742
0,22.5,5,-10,0.001689583,-0.069141925,-0.06105722,-0.150372842,0.004919811,0.001955036,,,0,22.5,5,0,0.002804543,-0.018302773,0.251835643,-0.18631989,0.005780775,0.001871665
0,22.5,5,-10,0.00225291,-0.070227547,-0.065586541,-0.151637364,0.005393105,0.001923095,,,0,22.5,5,0,0.002477934,-0.017297813,0.248334812,-0.185353714,0.005717825,0.001907307
0,22.5,5,10,0.030545317,-0.109686505,0.438379125,-0.286297939,-0.009156663,0.000601375,,,0,22.5,5,10,0.030545317,-0.109686505,0.438379125,-0.286297939,-0.009156663,0.000601375
0,22.5,5,10,0.03015406,-0.109981238,0.436979873,-0.286092543,-0.009220185,0.000625442,,,0,22.5,5,10,0.03015406,-0.109981238,0.436979873,-0.286092543,-0.009220185,0.000625442
0,22.5,5,10,0.029622063,-0.109933827,0.435255093,-0.285973365,-0.009202645,0.000665285,,,0,22.5,5,10,0.029622063,-0.109933827,0.435255093,-0.285973365,-0.009202645,0.000665285
0,22.5,10,0,0.004470429,-0.02065809,0.241786866,-0.223496962,0.003937181,0.002328564,,,0,22.5,10,-10,0.004832907,-0.07012111,-0.077045177,-0.193040007,0.004282901,0.002767229
0,22.5,10,0,0.004496337,-0.020710038,0.239329273,-0.223297009,0.003816956,0.002342904,,,0,22.5,10,-10,0.004282736,-0.071272717,-0.079130581,-0.193569878,0.004218136,0.002832265
0,22.5,10,0,0.004144162,-0.020434004,0.238057434,-0.223440567,0.004129478,0.002343248,,,0,22.5,10,-10,0.003953474,-0.069943922,-0.079283438,-0.192658565,0.004402305,0.00277815
0,22.5,10,-10,0.004832907,-0.07012111,-0.077045177,-0.193040007,0.004282901,0.002767229,,,0,22.5,10,0,0.004470429,-0.02065809,0.241786866,-0.223496962,0.003937181,0.002328564
0,22.5,10,-10,0.004282736,-0.071272717,-0.079130581,-0.193569878,0.004218136,0.002832265,,,0,22.5,10,0,0.004496337,-0.020710038,0.239329273,-0.223297009,0.003816956,0.002342904
0,22.5,10,-10,0.003953474,-0.069943922,-0.079283438,-0.192658565,0.004402305,0.00277815,,,0,22.5,10,0,0.004144162,-0.020434004,0.238057434,-0.223440567,0.004129478,0.002343248
0,22.5,10,10,0.025001226,-0.145591764,0.407630167,-0.321248255,-0.00969846,0.000755087,,,0,22.5,10,10,0.025001226,-0.145591764,0.407630167,-0.321248255,-0.00969846,0.000755087
0,22.5,10,10,0.024693884,-0.145068217,0.40548205,-0.320572301,-0.009633343,0.000769034,,,0,22.5,10,10,0.024693884,-0.145068217,0.40548205,-0.320572301,-0.009633343,0.000769034
0,22.5,10,10,0.025113559,-0.146407408,0.408804836,-0.321026183,-0.009863451,0.000699482,,,0,22.5,10,10,0.025113559,-0.146407408,0.408804836,-0.321026183,-0.009863451,0.000699482
0,22.5,15,0,-0.000442543,-0.019713189,0.229696846,-0.259077121,0.002317401,0.002746227,,,0,22.5,15,-10,0.000362913,-0.075212994,-0.093349191,-0.236026254,0.003492215,0.003750507
0,22.5,15,0,0.000270116,-0.01976245,0.229186326,-0.258496682,0.0025477,0.002727973,,,0,22.5,15,-10,-0.000494517,-0.075050485,-0.093064524,-0.236009309,0.003528234,0.003709554
0,22.5,15,0,0.000552521,-0.019000492,0.226219217,-0.257819018,0.002284801,0.002730069,,,0,22.5,15,-10,-0.000311499,-0.074908557,-0.094949276,-0.23597589,0.00335811,0.003761334
0,22.5,15,-10,0.000362913,-0.075212994,-0.093349191,-0.236026254,0.003492215,0.003750507,,,0,22.5,15,0,-0.000442543,-0.019713189,0.229696846,-0.259077121,0.002317401,0.002746227
0,22.5,15,-10,-0.000494517,-0.075050485,-0.093064524,-0.236009309,0.003528234,0.003709554,,,0,22.5,15,0,0.000270116,-0.01976245,0.229186326,-0.258496682,0.0025477,0.002727973
0,22.5,15,-10,-0.000311499,-0.074908557,-0.094949276,-0.23597589,0.00335811,0.003761334,,,0,22.5,15,0,0.000552521,-0.019000492,0.226219217,-0.257819018,0.002284801,0.002730069
0,22.5,15,10,0.026495319,-0.127392794,0.404976358,-0.345315378,-0.010806399,4.3858E-05,,,0,22.5,15,10,0.026495319,-0.127392794,0.404976358,-0.345315378,-0.010806399,4.3858E-05
0,22.5,15,10,0.026206492,-0.127001039,0.402410473,-0.34556741,-0.010587756,0.000194516,,,0,22.5,15,10,0.026206492,-0.127001039,0.402410473,-0.34556741,-0.010587756,0.000194516
0,22.5,15,10,0.025904271,-0.128249054,0.403709504,-0.345872323,-0.010738842,0.000119983,,,0,22.5,15,10,0.025904271,-0.128249054,0.403709504,-0.345872323,-0.010738842,0.000119983
0,22.5,20,0,-0.001011351,-0.029577883,0.211009312,-0.29587147,0.000924431,0.003158571,,,0,22.5,20,-10,0.001250603,-0.07619226,-0.108326738,-0.27790841,0.002073564,0.004432105
0,22.5,20,0,-0.001300801,-0.028327442,0.20891925,-0.294558879,0.000663396,0.003154385,,,0,22.5,20,-10,0.001436608,-0.076419549,-0.110286686,-0.277977544,0.00219233,0.004433538
0,22.5,20,0,-0.001045456,-0.0290277,0.208398991,-0.294972059,0.001072979,0.003148192,,,0,22.5,20,-10,0.001219793,-0.07558871,-0.110008786,-0.27782646,0.002154488,0.004459219
0,22.5,20,-10,0.001250603,-0.07619226,-0.108326738,-0.27790841,0.002073564,0.004432105,,,0,22.5,20,0,-0.001011351,-0.029577883,0.211009312,-0.29587147,0.000924431,0.003158571
0,22.5,20,-10,0.001436608,-0.076419549,-0.110286686,-0.277977544,0.00219233,0.004433538,,,0,22.5,20,0,-0.001300801,-0.028327442,0.20891925,-0.294558879,0.000663396,0.003154385
0,22.5,20,-10,0.001219793,-0.07558871,-0.110008786,-0.27782646,0.002154488,0.004459219,,,0,22.5,20,0,-0.001045456,-0.0290277,0.208398991,-0.294972059,0.001072979,0.003148192
0,22.5,20,10,0.019831559,-0.121624312,0.393632955,-0.367952738,-0.011552078,-0.000304169,,,0,22.5,20,10,0.019831559,-0.121624312,0.393632955,-0.367952738,-0.011552078,-0.000304169
0,22.5,20,10,0.019460148,-0.121861998,0.390920926,-0.367483976,-0.012224778,-0.00036571,,,0,22.5,20,10,0.019460148,-0.121861998,0.390920926,-0.367483976,-0.012224778,-0.00036571
0,22.5,20,10,0.019705419,-0.122308551,0.391434772,-0.367843933,-0.01167704,-0.000266363,,,0,22.5,20,10,0.019705419,-0.122308551,0.391434772,-0.367843933,-0.01167704,-0.000266363
0,45,0,0,0.038357239,-0.133393409,0.252292152,-0.156482693,0.003698229,-0.000493707,,,0,45,0,-10,0.034345776,-0.172820118,-0.050647006,-0.105812036,0.003977291,-0.000602924
0,45,0,0,0.038371048,-0.133120794,0.255904974,-0.155961363,0.003699699,-0.000517745,,,0,45,0,-10,0.034629216,-0.172950583,-0.04891936,-0.105953001,0.003808254,-0.000579535
0,45,0,0,0.038577881,-0.133280251,0.259211698,-0.156563661,0.003669582,-0.000526826,,,0,45,0,-10,0.034297668,-0.172857742,-0.049641458,-0.105701931,0.00369856,-0.000545212
0,45,0,-10,0.034345776,-0.172820118,-0.050647006,-0.105812036,0.003977291,-0.000602924,,,0,45,0,0,0.038357239,-0.133393409,0.252292152,-0.156482693,0.003698229,-0.000493707
0,45,0,-10,0.034629216,-0.172950583,-0.04891936,-0.105953001,0.003808254,-0.000579535,,,0,45,0,0,0.038371048,-0.133120794,0.255904974,-0.155961363,0.003699699,-0.000517745
0,45,0,-10,0.034297668,-0.172857742,-0.049641458,-0.105701931,0.00369856,-0.000545212,,,0,45,0,0,0.038577881,-0.133280251,0.259211698,-0.156563661,0.003669582,-0.000526826
0,45,0,10,0.067151864,-0.223505587,0.466872547,-0.287178062,-0.0126208,-0.001320318,,,0,45,0,10,0.067151864,-0.223505587,0.466872547,-0.287178062,-0.0126208,-0.001320318
0,45,0,10,0.067511829,-0.22307984,0.464485213,-0.286049639,-0.012791435,-0.001383489,,,0,45,0,10,0.067511829,-0.22307984,0.464485213,-0.286049639,-0.012791435,-0.001383489
0,45,0,10,0.06657674,-0.223310913,0.463576565,-0.286209087,-0.012667385,-0.001318407,,,0,45,0,10,0.06657674,-0.223310913,0.463576565,-0.286209087,-0.012667385,-0.001318407
0,45,5,0,0.038788486,-0.132181,0.257371243,-0.191249379,0.001541719,-0.000270401,,,0,45,5,-10,0.031640665,-0.182328398,-0.067350352,-0.145157123,0.003076588,0.000481948
0,45,5,0,0.038192804,-0.13315688,0.257039925,-0.192088643,0.001674854,-0.000279902,,,0,45,5,-10,0.031994083,-0.181959781,-0.068461731,-0.144936373,0.003046759,0.000488064
0,45,5,0,0.038275614,-0.133047504,0.255294743,-0.19126546,0.001632816,-0.000286849,,,0,45,5,-10,0.03111666,-0.182235532,-0.067878475,-0.14480346,0.00294209,0.000490241
0,45,5,-10,0.031640665,-0.182328398,-0.067350352,-0.145157123,0.003076588,0.000481948,,,0,45,5,0,0.038788486,-0.132181,0.257371243,-0.191249379,0.001541719,-0.000270401
0,45,5,-10,0.031994083,-0.181959781,-0.068461731,-0.144936373,0.003046759,0.000488064,,,0,45,5,0,0.038192804,-0.13315688,0.257039925,-0.192088643,0.001674854,-0.000279902
0,45,5,-10,0.03111666,-0.182235532,-0.067878475,-0.14480346,0.00294209,0.000490241,,,0,45,5,0,0.038275614,-0.133047504,0.255294743,-0.19126546,0.001632816,-0.000286849
0,45,5,10,0.068595538,-0.23309588,0.439776491,-0.318541897,-0.013621374,-0.001826412,,,0,45,5,10,0.068595538,-0.23309588,0.439776491,-0.318541897,-0.013621374,-0.001826412
0,45,5,10,0.068379464,-0.233074122,0.434232775,-0.318356373,-0.013617702,-0.001727386,,,0,45,5,10,0.068379464,-0.233074122,0.434232775,-0.318356373,-0.013617702,-0.001727386
0,45,5,10,0.068279419,-0.234668593,0.433978205,-0.318853989,-0.013754397,-0.001770365,,,0,45,5,10,0.068279419,-0.234668593,0.433978205,-0.318853989,-0.013754397,-0.001770365
0,45,10,0,0.040101132,-0.13493043,0.251676802,-0.228781007,0.000138132,1.20661E-05,,,0,45,10,-10,0.03239697,-0.182635292,-0.074012276,-0.183820847,0.001910014,0.001333215
0,45,10,0,0.03941891,-0.135510049,0.250444007,-0.229593386,0.000285724,1.30669E-06,,,0,45,10,-10,0.033541348,-0.183206312,-0.07804439,-0.184628045,0.002150865,0.00128681
0,45,10,0,0.039554882,-0.134935228,0.249777546,-0.228976422,-6.66869E-05,3.0013E-05,,,0,45,10,-10,0.033139054,-0.182590357,-0.076699854,-0.184020304,0.001824568,0.001367218
0,45,10,-10,0.03239697,-0.182635292,-0.074012276,-0.183820847,0.001910014,0.001333215,,,0,45,10,0,0.040101132,-0.13493043,0.251676802,-0.228781007,0.000138132,1.20661E-05
0,45,10,-10,0.033541348,-0.183206312,-0.07804439,-0.184628045,0.002150865,0.00128681,,,0,45,10,0,0.03941891,-0.135510049,0.250444007,-0.229593386,0.000285724,1.30669E-06
0,45,10,-10,0.033139054,-0.182590357,-0.076699854,-0.184020304,0.001824568,0.001367218,,,0,45,10,0,0.039554882,-0.134935228,0.249777546,-0.228976422,-6.66869E-05,3.0013E-05
0,45,10,10,0.065656662,-0.266308203,0.4139284,-0.353503533,-0.014980369,-0.002378505,,,0,45,10,10,0.065656662,-0.266308203,0.4139284,-0.353503533,-0.014980369,-0.002378505
0,45,10,10,0.064615771,-0.26607228,0.407940866,-0.353503045,-0.014672412,-0.002280044,,,0,45,10,10,0.064615771,-0.26607228,0.407940866,-0.353503045,-0.014672412,-0.002280044
0,45,10,10,0.064901769,-0.267054297,0.408598868,-0.354381557,-0.014703411,-0.002253052,,,0,45,10,10,0.064901769,-0.267054297,0.408598868,-0.354381557,-0.014703411,-0.002253052
0,45,15,0,0.042138007,-0.134669865,0.244455097,-0.26483576,-0.001101542,0.000305701,,,0,45,15,-10,0.03505869,-0.17774496,-0.084321981,-0.220912983,0.001024553,0.002071649
0,45,15,0,0.042012485,-0.134287252,0.24192004,-0.265251434,-0.000853016,0.000307612,,,0,45,15,-10,0.035009936,-0.178355689,-0.090437894,-0.221440468,0.000857236,0.002226402
0,45,15,0,0.041980922,-0.133389628,0.241604637,-0.264244625,-0.000918072,0.000308199,,,0,45,15,-10,0.034680372,-0.177796172,-0.088515479,-0.221075617,0.00090832,0.002183552
0,45,15,-10,0.03505869,-0.17774496,-0.084321981,-0.220912983,0.001024553,0.002071649,,,0,45,15,0,0.042138007,-0.134669865,0.244455097,-0.26483576,-0.001101542,0.000305701
0,45,15,-10,0.035009936,-0.178355689,-0.090437894,-0.221440468,0.000857236,0.002226402,,,0,45,15,0,0.042012485,-0.134287252,0.24192004,-0.265251434,-0.000853016,0.000307612
0,45,15,-10,0.034680372,-0.177796172,-0.088515479,-0.221075617,0.00090832,0.002183552,,,0,45,15,0,0.041980922,-0.133389628,0.241604637,-0.264244625,-0.000918072,0.000308199
0,45,15,10,0.069738601,-0.235639805,0.410692977,-0.378419737,-0.016135164,-0.003669794,,,0,45,15,10,0.069738601,-0.235639805,0.410692977,-0.378419737,-0.016135164,-0.003669794
0,45,15,10,0.069079716,-0.23489793,0.407383622,-0.377637659,-0.015900216,-0.00347956,,,0,45,15,10,0.069079716,-0.23489793,0.407383622,-0.377637659,-0.015900216,-0.00347956
0,45,15,10,0.069004568,-0.237237513,0.411856019,-0.378811451,-0.016500667,-0.003642436,,,0,45,15,10,0.069004568,-0.237237513,0.411856019,-0.378811451,-0.016500667,-0.003642436
0,45,20,0,0.038944042,-0.136229096,0.238206498,-0.294986115,-0.002867465,0.00037392,,,0,45,20,-10,0.034843506,-0.176490295,-0.091440758,-0.257764319,-0.000187283,0.002881008
0,45,20,0,0.038692713,-0.137563417,0.237196035,-0.295827294,-0.002901299,0.000391955,,,0,45,20,-10,0.033769548,-0.175392527,-0.091415383,-0.256912618,-0.000466885,0.002914231
0,45,20,0,0.038943351,-0.137511667,0.234502744,-0.296408073,-0.002636979,0.000399983,,,0,45,20,-10,0.034154876,-0.175565479,-0.095055038,-0.257134269,-0.00043608,0.002974892
0,45,20,-10,0.034843506,-0.176490295,-0.091440758,-0.257764319,-0.000187283,0.002881008,,,0,45,20,0,0.038944042,-0.136229096,0.238206498,-0.294986115,-0.002867465,0.00037392
0,45,20,-10,0.033769548,-0.175392527,-0.091415383,-0.256912618,-0.000466885,0.002914231,,,0,45,20,0,0.038692713,-0.137563417,0.237196035,-0.295827294,-0.002901299,0.000391955
0,45,20,-10,0.034154876,-0.175565479,-0.095055038,-0.257134269,-0.00043608,0.002974892,,,0,45,20,0,0.038943351,-0.137511667,0.234502744,-0.296408073,-0.002636979,0.000399983
0,45,20,10,0.068332055,-0.235044058,0.408630374,-0.401935182,-0.017502507,-0.00467159,,,0,45,20,10,0.068332055,-0.235044058,0.408630374,-0.401935182,-0.017502507,-0.00467159
0,45,20,10,0.067811999,-0.235618138,0.408048267,-0.40262346,-0.017462608,-0.004509204,,,0,45,20,10,0.067811999,-0.235618138,0.408048267,-0.40262346,-0.017462608,-0.004509204
0,45,20,10,0.067773792,-0.236072826,0.408541791,-0.401582376,-0.017635345,-0.004628868,,,0,45,20,10,0.067773792,-0.236072826,0.408541791,-0.401582376,-0.017635345,-0.004628868
0,60,0,0,0.02768932,-0.133560758,0.195854346,-0.153404016,0.003911643,-0.000149116,,,0,60,0,-10,0.02470826,-0.180096879,-0.099662655,-0.096828059,0.00302137,-0.000401253
0,60,0,0,0.027163704,-0.134253996,0.195007573,-0.153177054,0.003753223,-0.000143604,,,0,60,0,-10,0.024251793,-0.179773178,-0.100424565,-0.09672702,0.003061053,-0.000385713
0,60,0,0,0.027522458,-0.133018963,0.196481066,-0.153266926,0.003753453,-0.000118726,,,0,60,0,-10,0.024411675,-0.179958615,-0.100389235,-0.096554615,0.002576781,-0.000285949
0,60,0,-10,0.02470826,-0.180096879,-0.099662655,-0.096828059,0.00302137,-0.000401253,,,0,60,0,0,0.02768932,-0.133560758,0.195854346,-0.153404016,0.003911643,-0.000149116
0,60,0,-10,0.024251793,-0.179773178,-0.100424565,-0.09672702,0.003061053,-0.000385713,,,0,60,0,0,0.027163704,-0.134253996,0.195007573,-0.153177054,0.003753223,-0.000143604
0,60,0,-10,0.024411675,-0.179958615,-0.100389235,-0.096554615,0.002576781,-0.000285949,,,0,60,0,0,0.027522458,-0.133018963,0.196481066,-0.153266926,0.003753453,-0.000118726
0,60,0,10,0.059613076,-0.204082179,0.410694031,-0.286522765,-0.012118323,-0.000452457,,,0,60,0,10,0.059613076,-0.204082179,0.410694031,-0.286522765,-0.012118323,-0.000452457
0,60,0,10,0.060218553,-0.206973796,0.41228143,-0.287803751,-0.012552801,-0.000469528,,,0,60,0,10,0.060218553,-0.206973796,0.41228143,-0.287803751,-0.012552801,-0.000469528
0,60,0,10,0.058751412,-0.20781098,0.407882055,-0.286641948,-0.012557329,-0.000468044,,,0,60,0,10,0.058751412,-0.20781098,0.407882055,-0.286641948,-0.012557329,-0.000468044
0,60,5,0,0.029690989,-0.136163373,0.212952203,-0.188923138,0.001054918,-0.000166119,,,0,60,5,-10,0.024517075,-0.178747766,-0.103306305,-0.129653449,0.001869609,0.00021606
0,60,5,0,0.029484227,-0.137002425,0.210547591,-0.189484293,0.001148287,-0.000114746,,,0,60,5,-10,0.025494411,-0.178972316,-0.105889721,-0.130235551,0.002554792,0.00010795
0,60,5,0,0.029171399,-0.137096019,0.207284233,-0.188992281,0.001154128,-8.92072E-05,,,0,60,5,-10,0.024364892,-0.178584457,-0.104597733,-0.129698981,0.002341748,0.000137895
0,60,5,-10,0.024517075,-0.178747766,-0.103306305,-0.129653449,0.001869609,0.00021606,,,0,60,5,0,0.029690989,-0.136163373,0.212952203,-0.188923138,0.001054918,-0.000166119
0,60,5,-10,0.025494411,-0.178972316,-0.105889721,-0.130235551,0.002554792,0.00010795,,,0,60,5,0,0.029484227,-0.137002425,0.210547591,-0.189484293,0.001148287,-0.000114746
0,60,5,-10,0.024364892,-0.178584457,-0.104597733,-0.129698981,0.002341748,0.000137895,,,0,60,5,0,0.029171399,-0.137096019,0.207284233,-0.188992281,0.001154128,-8.92072E-05
0,60,5,10,0.058326491,-0.258917693,0.379243078,-0.329069028,-0.013559387,-0.000549067,,,0,60,5,10,0.058326491,-0.258917693,0.379243078,-0.329069028,-0.013559387,-0.000549067
0,60,5,10,0.058331633,-0.256857285,0.377577835,-0.328005782,-0.012727842,-0.000485785,,,0,60,5,10,0.058331633,-0.256857285,0.377577835,-0.328005782,-0.012727842,-0.000485785
0,60,5,10,0.058306671,-0.257717181,0.377660638,-0.327889769,-0.013611008,-0.000590021,,,0,60,5,10,0.058306671,-0.257717181,0.377660638,-0.327889769,-0.013611008,-0.000590021
0,60,10,0,0.032481283,-0.138532573,0.203226901,-0.22600997,-0.000160139,0.000207914,,,0,60,10,-10,0.027898684,-0.183083827,-0.113902653,-0.168579104,0.000912456,0.001033963
0,60,10,0,0.031624566,-0.138928189,0.200493854,-0.225675672,5.30051E-05,0.000225876,,,0,60,10,-10,0.028160585,-0.184170993,-0.11731414,-0.169541518,0.001573332,0.000938006
0,60,10,0,0.031389207,-0.139236675,0.199186522,-0.225222175,-0.000441482,0.000270662,,,0,60,10,-10,0.028366583,-0.184395364,-0.117851507,-0.169877017,0.001270363,0.001011345
0,60,10,-10,0.027898684,-0.183083827,-0.113902653,-0.168579104,0.000912456,0.001033963,,,0,60,10,0,0.032481283,-0.138532573,0.203226901,-0.22600997,-0.000160139,0.000207914
0,60,10,-10,0.028160585,-0.184170993,-0.11731414,-0.169541518,0.001573332,0.000938006,,,0,60,10,0,0.031624566,-0.138928189,0.200493854,-0.225675672,5.30051E-05,0.000225876
0,60,10,-10,0.028366583,-0.184395364,-0.117851507,-0.169877017,0.001270363,0.001011345,,,0,60,10,0,0.031389207,-0.139236675,0.199186522,-0.225222175,-0.000441482,0.000270662
0,60,10,10,0.06470217,-0.241098451,0.379038413,-0.356909645,-0.015154185,-0.001610802,,,0,60,10,10,0.06470217,-0.241098451,0.379038413,-0.356909645,-0.015154185,-0.001610802
0,60,10,10,0.06318734,-0.24062986,0.376551106,-0.356367816,-0.014821939,-0.001505888,,,0,60,10,10,0.06318734,-0.24062986,0.376551106,-0.356367816,-0.014821939,-0.001505888
0,60,10,10,0.064087864,-0.240808723,0.377518644,-0.356735902,-0.014778408,-0.001508839,,,0,60,10,10,0.064087864,-0.240808723,0.377518644,-0.356735902,-0.014778408,-0.001508839
0,60,15,0,0.037712915,-0.13749713,0.2021609,-0.257776659,-0.001755773,-2.63243E-05,,,0,60,15,-10,0.031913635,-0.185455538,-0.123231099,-0.203766758,0.000292015,0.001288501
0,60,15,0,0.037243058,-0.137057387,0.201394852,-0.257961449,-0.001767774,1.71732E-05,,,0,60,15,-10,0.031742595,-0.185749856,-0.123534003,-0.203513625,0.000145097,0.001328351
0,60,15,0,0.037191933,-0.137093511,0.200804885,-0.258087078,-0.001673008,-1.39901E-05,,,0,60,15,-10,0.032136095,-0.184898132,-0.122639976,-0.202746517,-0.000247267,0.001382205
0,60,15,-10,0.031913635,-0.185455538,-0.123231099,-0.203766758,0.000292015,0.001288501,,,0,60,15,0,0.037712915,-0.13749713,0.2021609,-0.257776659,-0.001755773,-2.63243E-05
0,60,15,-10,0.031742595,-0.185749856,-0.123534003,-0.203513625,0.000145097,0.001328351,,,0,60,15,0,0.037243058,-0.137057387,0.201394852,-0.257961449,-0.001767774,1.71732E-05
0,60,15,-10,0.032136095,-0.184898132,-0.122639976,-0.202746517,-0.000247267,0.001382205,,,0,60,15,0,0.037191933,-0.137093511,0.200804885,-0.258087078,-0.001673008,-1.39901E-05
0,60,15,10,0.068702465,-0.239161195,0.363554142,-0.387648018,-0.016353126,-0.00234026,,,0,60,15,10,0.068702465,-0.239161195,0.363554142,-0.387648018,-0.016353126,-0.00234026
0,60,15,10,0.067991398,-0.240671884,0.363047915,-0.388142035,-0.016450263,-0.002327926,,,0,60,15,10,0.067991398,-0.240671884,0.363047915,-0.388142035,-0.016450263,-0.002327926
0,60,15,10,0.068496119,-0.24141402,0.363668218,-0.388853052,-0.016386974,-0.002302058,,,0,60,15,10,0.068496119,-0.24141402,0.363668218,-0.388853052,-0.016386974,-0.002302058
0,60,20,0,0.041802147,-0.142738096,0.191056913,-0.297342421,-0.003645651,0.000149877,,,0,60,20,-10,0.040045625,-0.191496345,-0.131297004,-0.239892102,-0.001660146,0.001622108
0,60,20,0,0.04233492,-0.143210507,0.189241822,-0.296949612,-0.003740456,0.000158748,,,0,60,20,-10,0.039790222,-0.191078991,-0.133622861,-0.240189948,-0.001231625,0.001567843
0,60,20,0,0.043498202,-0.143356219,0.191947451,-0.297345616,-0.003494174,6.1155E-05,,,0,60,20,-10,0.039567864,-0.189707963,-0.132187996,-0.239011676,-0.001842686,0.001613226
0,60,20,-10,0.040045625,-0.191496345,-0.131297004,-0.239892102,-0.001660146,0.001622108,,,0,60,20,0,0.041802147,-0.142738096,0.191056913,-0.297342421,-0.003645651,0.000149877
0,60,20,-10,0.039790222,-0.191078991,-0.133622861,-0.240189948,-0.001231625,0.001567843,,,0,60,20,0,0.04233492,-0.143210507,0.189241822,-0.296949612,-0.003740456,0.000158748
0,60,20,-10,0.039567864,-0.189707963,-0.132187996,-0.239011676,-0.001842686,0.001613226,,,0,60,20,0,0.043498202,-0.143356219,0.191947451,-0.297345616,-0.003494174,6.1155E-05
0,60,20,10,0.072054186,-0.240457641,0.362569555,-0.420584551,-0.017369096,-0.003266807,,,0,60,20,10,0.072054186,-0.240457641,0.362569555,-0.420584551,-0.017369096,-0.003266807
0,60,20,10,0.071610606,-0.241414637,0.362487611,-0.420423029,-0.017706133,-0.003273644,,,0,60,20,10,0.071610606,-0.241414637,0.362487611,-0.420423029,-0.017706133,-0.003273644
0,60,20,10,0.072269347,-0.241518662,0.360281343,-0.420183125,-0.017645523,-0.003244966,,,0,60,20,10,0.072269347,-0.241518662,0.360281343,-0.420183125,-0.017645523,-0.003244966
